<?xml version="1.0" encoding="utf-8"?>
<resources>
    <string name="action_cancel">Cancel</string>
    <string name="add_member_binding_fail">failed</string>
    <string name="add_member_binding_hint">Please scan the QRcode on staff&#39;s phone to add the staff</string>
    <string name="add_member_binding_passwd_hint">The new password must be 8–32 characters in length, and must include at least one letter and number.</string>
    <string name="add_member_binding_passwd_limit">8–32 alphanumeric characters</string>
    <string name="add_member_binding_process_title">complete</string>
    <string name="add_member_binding_title">Binding</string>
    <string name="add_member_category">Employee Types</string>
    <string name="add_member_category_full">Full-Time</string>
    <string name="add_member_category_part">Part-Time</string>
    <string name="add_member_disable">Disabled</string>
    <string name="add_member_enable">Enabled</string>
    <string name="add_member_group">Group</string>
    <string name="add_member_id">Staff ID</string>
    <string name="add_member_id_error">1–10 alphanumeric characters</string>
    <string name="add_member_login_account">Login account：</string>
    <string name="add_member_login_google">Login with Gmail or Apple ID</string>
    <string name="add_member_login_info">Login Info</string>
    <string name="add_member_login_passwd">Login with Staff ID and Password</string>
    <string name="add_member_login_passwd_text">login password</string>
    <string name="add_member_login_title">Login</string>
    <string name="add_member_mobile_login">Login from Mobile Devices</string>
    <string name="add_member_mobile_login_hint_1">1. Employees can login GoFace from their mobile devices to check for personal records</string>
    <string name="add_member_mobile_login_hint_2">2. Requires each employee to download the GoFace app to their mobile devices and authenticate first before being able to login</string>
    <string name="add_member_name">Name</string>
    <string name="add_member_name_error">1–40 characters</string>
    <string name="add_member_next">Next</string>
    <string name="add_member_qr_exist_list">This account has already existed in the staff list.</string>
    <string name="add_member_re_capture">Retake</string>
    <string name="add_member_step_1">Step 1: Take a clear staff headshot</string>
    <string name="add_member_step_2">Step 2: Enter staff information (mandatory)</string>
    <string name="add_member_step_3">Step 3: Staff login from mobile device</string>
    <string name="add_member_title">Add Staff</string>
    <string name="add_new_store_title">Add New Store/Org</string>
    <string name="add_qrcode_hint">Kode QR atau Kode Pariring dapat digunakan untuk menambahkan Anda sebagai anggota</string>
    <string name="add_qrcode_renew_button">Refresh Code</string>
    <string name="add_qrcode_title">Join</string>
    <string name="add_self_store_hint">Create Your Store/Org</string>
    <string name="add_store_account"> Store/Org ID (For Admin management)</string>
    <string name="add_store_account_hint">4–20 alphanumeric characters</string>
    <string name="add_store_detail_hint"> Store/Org Information (mandatory)</string>
    <string name="add_store_name">Store/Org Name</string>
    <string name="add_store_name_hint">1–20 English characters</string>
    <string name="add_store_passwd">Password</string>
    <string name="add_store_passwd_hint">8–32 alphanumeric characters</string>
    <string name="add_store_success_hint">Start Using GoFace Now!</string>
    <string name="add_store_your_employee_id">Your ID</string>
    <string name="add_store_your_employee_id_hint">1–10 alphanumeric characters</string>
    <string name="add_store_your_name">Your Name</string>
    <string name="add_store_your_name_hint">1–40 English characters</string>
    <string name="admin_roster_clockin">Amended Clock In : %s</string>
    <string name="admin_roster_clockout">Amended Clock Out : %s</string>
    <string name="app_name">GoFace</string>
    <string name="app_version">3.7.0</string>
    <string name="app_version_title">Software Version</string>
    <string name="apply_amend_title">Submit Amendment</string>
    <string name="btn_add_staff">Show QR to Join Store/Org</string>
    <string name="button_back_text">Back</string>
    <string name="button_cancel">CANCEL</string>
    <string name="button_close">CLOSE</string>
    <string name="button_confirm">Confirm</string>
    <string name="button_delete">DELETE</string>
    <string name="button_ok">OK</string>
    <string name="clock_first_in">First Clock In</string>
    <string name="clock_in">Clock In</string>
    <string name="clock_last_out">Last Clock Out</string>
    <string name="clock_out">Clock Out</string>
    <string name="clock_remark">Reason for Amendment*(250 characters)</string>
    <string name="clock_working_hours">Working Hours : </string>
    <string name="close_face">Please make sure your face is as close to the screen as possible</string>
    <string name="cross_clock_in">Cross-Day Clock-In</string>
    <string name="cross_clock_out">Cross-Day Clock-Out</string>
    <string name="custom_sign_in"><u>Login via Other</u></string>
    <string name="date_formatter_day">%02d</string>
    <string name="detail_info_device">Submitted From</string>
    <string name="detail_info_msg">Comment(250 characters)</string>
    <string name="detail_info_msg_normal">Comment</string>
    <string name="detail_info_person">Person in Charge</string>
    <string name="detail_info_post_registration">Amend Now?</string>
    <string name="detail_info_remark">Reason for Amendment</string>
    <string name="detail_info_time">Amend Time</string>
    <string name="dialog_text_post_time_wrong">Please Select a Correct Time</string>
    <string name="dialog_title_oops">Oops!</string>
    <string name="done_button">Done</string>
    <string name="edit_member_passwd_setup_already">Password already set</string>
    <string name="edit_member_step_1">Take a clear staff headshot</string>
    <string name="edit_member_step_qr">Staff login from mobile device</string>
    <string name="edit_member_title">Edit Staff</string>
    <string name="error_4000">Parameter Error (4000)</string>
    <string name="error_4001">Unauthorized (4001)</string>
    <string name="error_401">Unauthorized (401)</string>
    <string name="error_404">Parameter Error (404)</string>
    <string name="error_405">Parameter Error (405)</string>
    <string name="error_4100">Unauthorized (4100)</string>
    <string name="error_4101">Parameter Error (4101)</string>
    <string name="error_4102">Store/Org ID, Staff ID or Password is wrong (4102)</string>
    <string name="error_4103">Local time error, please try again or contact admin (4103)</string>
    <string name="error_4104">Detection failed (4104)</string>
    <string name="error_4105">Not enabled, please contact admin (4105)</string>
    <string name="error_4106">Not enabled, please contact admin (4106)</string>
    <string name="error_4210">Unauthorized (4201)</string>
    <string name="error_423">Expired Account (423)</string>
    <string name="error_4231">Cannot submit duplicate amended times (4231)</string>
    <string name="error_4232">Cannot submit future amended times (4232)</string>
    <string name="error_4233">Submission Pending Approval (4233)</string>
    <string name="error_4234">Already processed (4234)</string>
    <string name="error_4235">當日為公休日 (4235)</string>
    <string name="error_4236">Shift not open yet, please try again later or contact admin (4236)</string>
    <string name="error_4237">This shift not open yet, please try again later or contact admin (4237)</string>
    <string name="error_4238">Shift Management has been closed, please login again (4238)</string>
    <string name="error_4239">Code either invalid or expired, please try again (4239)</string>
    <string name="error_4240">Face recognition failed, please try again (4240)</string>
    <string name="error_4241">Duplicate user (4241)</string>
    <string name="error_4242">ID already used, please pick a new ID (4242)</string>
    <string name="error_4243">Member limit reached, please contact GoFace customer support (4243)</string>
    <string name="error_4244">Daily Member Limit Reached, please contact goFace customer support (4244)</string>
    <string name="error_4245">This account has already existed in the staff list. (4245)</string>
    <string name="error_4246">This member does not exist (4246)</string>
    <string name="error_4247">Outside the set clock-in/out hours (4247)</string>
    <string name="error_4248">This email has been used already, pleaes contact customer support for help. (4248)</string>
    <string name="error_4249">This account is in use, please try a new one. (4249)</string>
    <string name="error_4250">User account can only contain 4–20 alphanumeric values. Space and special characters are not allowed (4250)</string>
    <string name="error_4251">The new password must be 8–32 characters in length, and must include at least one letter and number. (4251)</string>
    <string name="error_4252">ID must be 1–10 characters. (4252)</string>
    <string name="error_4253">Error, please choose the correct hours (4253)</string>
    <string name="error_4254">Work Hours have been changed, if you need staff to re-submit record amendment, please click "No" to reject this amendment. (4254)</string>
    <string name="error_4255">Setting changed, please clock-in/out again (4255)</string>
    <string name="error_500">System Busy, Please Try Again Later (500)</string>
    <string name="error_5000">System Busy, Please Try Again Later (5000)</string>
    <string name="error_5001">System Busy, Please Try Again Later (5001)</string>
    <string name="error_5002">System Busy, Please Try Again Later (5002)</string>
    <string name="error_5003">Data error, please contact admin (5003)</string>
    <string name="face_detect_fail">Detection failed</string>
    <string name="face_detect_name">Hi, %s !</string>
    <string name="gf_portal_hint">https://portal.goface.me/ 
Full management features like information, work hours &#38; intervals, wages, shifts management and reports</string>
    <string name="gf_portal_manager">Portal Login</string>
    <string name="gf_portal_name">GoFace Portal</string>
    <string name="gfpc_download_goto">Go</string>
    <string name="gfpc_download_hint">Used mainly for multiple staff clock-in/out on a single mobile device (phone or pad)</string>
    <string name="gfpc_download_text">Download GoFace Punch Clock (optional)</string>
    <string name="gfpc_name">GoFace Punch Clock</string>
    <string name="invalid_layout_hint">The GoFace account used by this store is not activated</string>
    <string name="list_empty">"No Data "</string>
    <string name="login_org_id"> Store/Org ID </string>
    <string name="login_passwd">Password</string>
    <string name="login_power_text">Powered by Astra</string>
    <string name="login_staff_id">Staff ID</string>
    <string name="login_text">Log In</string>
    <string name="login_title_text">Workforce Management</string>
    <string name="login_with_google">Sign in with Google</string>
    <string name="manual_clockin">Amended Clock In : %s</string>
    <string name="manual_clockout">Amended Clock Out : %s</string>
    <string name="member_reset_passwd">Reset Password</string>
    <string name="message_camera_permission_denied">Camera and External Storage permissions are needed to capture image. Turning off any permission won&#39;t allow application run smoothly. Please turn on all requested permissions from Settings > Permissions.</string>
    <string name="message_gallery_permission_denied">Read External Storage permissions is needed to select Image. Please turn on requested permissions from Settings > Permissions.</string>
    <string name="my_report_record_title">My Records</string>
    <string name="nav_noti">Notification</string>
    <string name="nav_profile">Profile</string>
    <string name="nav_report">History Records</string>
    <string name="nav_report_staff">Management</string>
    <string name="nav_roster">Shifts</string>
    <string name="network_error">The network is unstable. Please check your network</string>
    <string name="no_permission_hint">Mobile Login Unauthorized, Pleaes Contact Your Store for Access</string>
    <string name="no_punch_device">No punch clock device</string>
    <string name="noti_admin_gfpc_process">Processed by Admin</string>
    <string name="noti_admin_process">processed by %s</string>
    <string name="noti_clock_fail">Clock In Time %s Rejected</string>
    <string name="noti_clock_set_fail">Clock Out Time %s Rejected</string>
    <string name="noti_clock_set_success">Clock Out Time %s Amended</string>
    <string name="noti_clock_success">Clock In Time %s Amended</string>
    <string name="noti_join_success">Successfully Joined %s</string>
    <string name="notifi_roster_add">u0020%s has been added to your shifts.</string>
    <string name="notifi_roster_change">Shifts Change: %s</string>
    <string name="notifi_roster_one_day">You can update/edit Shift for %1$s until %2$s </string>
    <string name="notifi_roster_open">Shift for %1$s is open for updating/editing until %2$s </string>
    <string name="notifi_roster_release">Personal shift schedule for %s are no longer available for editing. Click to view the result.</string>
    <string name="notifi_roster_remove">u0020%s has been canceled from your shifts.</string>
    <string name="notification_empty">"No Data "</string>
    <string name="notification_title">Notification</string>
    <string name="number_picker_formatter_hours">%02d</string>
    <string name="number_picker_formatter_mins">%02d</string>
    <string name="permission_camera_denied"><![CDATA[Storage permission is needed to take a picture. Please allow storage permission from Settings > Permissions.]]></string>
    <string name="permission_camera_extended_denied"><![CDATA[Camera and Storage permissions are needed to take a picture. Please allow both the requested permissions from Settings > Permissions.]]></string>
    <string name="permission_gallery_denied"><![CDATA[Storage permission is needed to pick gallery image. Please allow storage permission from Settings > Permissions.]]></string>
    <string name="personal_temp_hint">Enter your measured temperature</string>
    <string name="post_apply_clockin">%1$s applied Clock In %2$s</string>
    <string name="post_apply_clockout">%1$s applied Clock Out %2$s</string>
    <string name="post_registration_button">Amend Record</string>
    <string name="post_registration_create_time">Applied Time %s</string>
    <string name="post_registration_fail">Amend Failed</string>
    <string name="post_registration_success">Amend Succeeded</string>
    <string name="post_registration_waiting">Waiting for Approval</string>
    <string name="profile_admin">(Manager)</string>
    <string name="profile_group_title">Group</string>
    <string name="profile_join_at">Join Date : </string>
    <string name="profile_log_out">Log Out</string>
    <string name="profile_no_customer_text">You Have Not Jointed a Store Yet.
Please show QR Code or Pariring Code to the Store to Join.</string>
    <string name="profile_no_id">(No ID Yet)</string>
    <string name="profile_pos_pp"><![CDATA[When you use GoFace, you acknowledge that you have read, understood, and agreed to GoFace <a href="https://api.goface.me/gf/v1/redirect/tos?lang=%1$s"/> Terms of Service </a> and <a href="https://api.goface.me/gf/v1/redirect/privacy_policy?lang=%</string>
    <string name="profile_staff">(Staff)</string>
    <string name="profile_store_title"> Store/Org </string>
    <string name="profile_title">Profile</string>
    <string name="qr_error_msg">Invalid QRcode</string>
    <string name="qr_remain_title">Code Expiring in : </string>
    <string name="radio_button_no">NO</string>
    <string name="radio_button_yes">YES</string>
    <string name="report_detail_discard_title">Invalid Record</string>
    <string name="report_discard_content_dialog">Invalidate this particular record?</string>
    <string name="report_discard_title_dialog">Confirm?</string>
    <string name="report_history_to_be_confirmed">To be confirmed</string>
    <string name="report_list_sub_title">To Be Amended</string>
    <string name="report_ststus_discard">Invalidate</string>
    <string name="review_fail">Amend Failed</string>
    <string name="review_success">Amend Succeeded</string>
    <string name="role_admin">Manager</string>
    <string name="role_staff">Staff</string>
    <string name="roster_bottom_hint_less">Overstaffed：</string>
    <string name="roster_btn_send">Save</string>
    <string name="roster_btn_text">Add Shifts</string>
    <string name="roster_change_title">Switch shift period</string>
    <string name="roster_clock_comment">Note</string>
    <string name="roster_clock_comment_text_limit">Note (250 characters)</string>
    <string name="roster_delete_hint">Are you sure you want to delete all the shifts in current period?</string>
    <string name="roster_delete_title">Delete All Shifts</string>
    <string name="roster_fast_repeat">Repeat %s</string>
    <string name="roster_fast_roster">Repeating Shifts</string>
    <string name="roster_giveup_dialog">No</string>
    <string name="roster_no_roster">You don&#39;t have any shift on this day.</string>
    <string name="roster_no_work">Holiday</string>
    <string name="roster_not_yet">You can&#39;t add shifts for this day yet.</string>
    <string name="roster_ok_dialog">Yes</string>
    <string name="roster_over_title_dialog">Overstaffed</string>
    <string name="roster_shift_fit">Fully Staffed</string>
    <string name="roster_shift_less">Understaffed</string>
    <string name="roster_shift_over">Overstaffed</string>
    <string name="roster_update_content">Apply changes to current period?</string>
    <string name="roster_update_title">Update Shifts</string>
    <string name="sign_in_google_text">Continue with Google account</string>
    <string name="sns_event_12">Invalidated Clock In: %s</string>
    <string name="sns_event_13">Invalidated Clock Out: %s</string>
    <string name="sns_event_2">%1$s applied Clock In: %2$s</string>
    <string name="sns_event_23">Remember to check in for your shift %1$s on %2$s %3$s</string>
    <string name="sns_event_3">%1$s applied Clock Out: %2$s</string>
    <string name="staff_member_empty">No Data</string>
    <string name="success_temp_unit">Measured temperature %1$s %2$s</string>
    <string name="tab_fail">Not Approved</string>
    <string name="tab_pass">Approved</string>
    <string name="tab_waiting">In Task</string>
    <string name="title_camera">Camera</string>
    <string name="title_choose_image_provider">Select</string>
    <string name="title_gallery">Photo Library</string>
    <string name="total_hours_format">(%shr)</string>
    <string name="total_working_hours_format">%shr</string>
    <string name="updated_by_name">Updated at %s</string>
    <string name="updated_by_name_date">updated by %1$s at %2$s</string>
    <string name="week_fri">FRI</string>
    <string name="week_mon">MON</string>
    <string name="week_sat">SAT</string>
    <string name="week_sun">SUN</string>
    <string name="week_thu">THU</string>
    <string name="week_tue">TUE</string>
    <string name="week_wed">WED</string>
</resources>
